,prochoice,prolife,roevwade2022
Abortion,0.33001180986123413,0.22011697037072842,0.18181818181818182
Guns,0.0028048420431059937,0.002851756972304123,0.009324009324009324
Religion,0.05513728963684677,0.04746483638648557,0.055944055944055944
