,ems_topic,mean_length
8,heart failure,791.4898572501878
30,dizziness,805.2920792079208
5,digestive tract,843.2623762376238
19,collapse,868.5560064935065
6,obesity,881.693323812924
34,weakness,884.781848004374
20,addiction,924.5810319767442
33,hypertension,940.209161624892
44,nicotine dependence,945.0
10,exposure to covid-19,973.5714285714286
14,urinary tract infection,1004.1757188498402
4,atherosclerosis,1031.9761904761904
45,other chronic pain,1057.142857142857
24,depression,1085.243617920541
3,covid-19,1167.6656455812529
36,type 2 diabetes,1216.6131578947368
28,immunization,1267.055737704918
46,addiction to nicotine,1322.25
47,drug therapy,1434.7575757575758
49,postprocedural,1542.75
