,ems_topic,pos,neg,neutral,pos_neg,neg_pos
21,COLLAPSE,0.2483766233766234,0.739448051948052,0.012175324675324676,0.3358946212952799,2.977124183006536
20,HOMELESSNESS,0.2518518518518518,0.7333333333333333,0.014814814814814815,0.3434343434343434,2.911764705882353
11,ANTICOAGULANTS,0.2670807453416149,0.7329192546583851,0.0,0.3644067796610169,2.744186046511628
37,WEAKNESS,0.28430836522689995,0.7085839256424276,0.007107709130672498,0.4012345679012346,2.4923076923076923
30,ATRIAL FIBRILLATION,0.28634361233480177,0.6916299559471366,0.022026431718061675,0.41401273885350315,2.4153846153846157
36,HYPERTENSION,0.3271391529818496,0.6564390665514261,0.016421780466724288,0.4983541803818301,2.00660501981506
28,HYPOTHYROIDISM,0.33064516129032256,0.6543778801843319,0.014976958525345621,0.505281690140845,1.9790940766550524
41,ASPIRIN,0.32641660015961693,0.6456504389465283,0.027932960893854747,0.5055624227441287,1.9779951100244497
17,HYPERLIPIDEMIA,0.3375,0.6625,0.0,0.5094339622641509,1.9629629629629628
43,ANXIETY,0.3288932419196866,0.6449069539666993,0.026199804113614104,0.5099855721770826,1.9608397855866584
4,ATHEROSCLEROSIS,0.3619047619047619,0.6333333333333333,0.004761904761904762,0.5714285714285714,1.75
26,DEPRESSION,0.3599323753169907,0.6145393068469992,0.025528317836010145,0.585694635488308,1.7073743541568813
3,COVID-19,0.35732884055751263,0.6091285035993261,0.03354265584316128,0.5866230827256725,1.7046720960137165
2,INSULIN,0.3931058495821727,0.5863509749303621,0.02054317548746518,0.6704275534441805,1.491585473870682
29,IMMUNIZATION,0.4,0.5836065573770491,0.01639344262295082,0.6853932584269664,1.4590163934426228
22,ADDICTION,0.4331395348837209,0.5356104651162791,0.03125,0.8086838534599728,1.2365771812080537
6,OBESITY,0.49839343091752947,0.4798286326312031,0.021777936451267403,1.0386904761904763,0.9627507163323782
24,HYPERCHOLESTEROLEMIA,0.5070422535211268,0.4507042253521127,0.04225352112676056,1.125,0.888888888888889
39,TYPE 2 DIABETES,0.6026315789473684,0.37894736842105264,0.018421052631578946,1.5902777777777777,0.62882096069869
34,DRUG THERAPY,0.7272727272727273,0.2727272727272727,0.0,2.666666666666667,0.37499999999999994
