,ems_topic,pos,neg,neutral,pos_neg,neg_pos
8,HEART FAILURE,0.20285499624342598,0.7813673929376409,0.015777610818933134,0.2596153846153846,3.851851851851852
19,CONSTIPATION,0.20174537987679672,0.7869609856262834,0.011293634496919919,0.2563600782778865,3.900763358778626
44,COUGH,0.1993891797556719,0.7831588132635253,0.017452006980802792,0.25459610027855156,3.9277899343544855
32,DIZZINESS,0.1943069306930693,0.7908415841584159,0.01485148514851485,0.24569640062597808,4.070063694267516
0,NAUSEA,0.18459619582164016,0.7904583723105706,0.024945431867789213,0.23353057199211047,4.282094594594595
23,ANEMIA,0.18211764705882352,0.7967058823529412,0.021176470588235293,0.22858830478440637,4.374677002583979
13,TRANSIENT ISCHEMIC ATTACK,0.17857142857142858,0.8214285714285714,0.0,0.2173913043478261,4.6
15,SHORTNESS OF BREATH,0.1733226837060703,0.8170926517571885,0.009584664536741214,0.21212121212121213,4.714285714285714
45,HEADACHE,0.16153846153846155,0.8179970972423802,0.020464441219158202,0.19748048261178142,5.063791554357592
12,CHEST PAIN,0.1568514794599253,0.8305084745762712,0.012640045963803505,0.18886198547215496,5.294871794871795
9,HEAD INJURY,0.15123456790123457,0.8302469135802469,0.018518518518518517,0.1821561338289963,5.489795918367347
25,DIARRHEA,0.14516129032258066,0.8463497453310697,0.008488964346349746,0.1715145436308927,5.830409356725146
18,OTHER CHRONIC PAIN,0.14285714285714285,0.8571428571428571,0.0,0.16666666666666666,6.0
14,URINARY TRACT INFECTION,0.13738019169329074,0.853035143769968,0.009584664536741214,0.16104868913857678,6.209302325581395
31,FEVER,0.1209960252513444,0.8647416413373861,0.014262333411269581,0.13992158983371636,7.146859903381643
38,ABDOMINAL PAIN,0.1135005973715651,0.8751493428912783,0.011350059737156512,0.1296928327645051,7.7105263157894735
27,LOWER BACK PAIN,0.11013215859030837,0.8854625550660793,0.004405286343612335,0.12437810945273631,8.040000000000001
46,ALLERGY TO PENICILLIN,0.1,0.9,0.0,0.11111111111111112,9.0
35,STOMACH PAIN,0.07575757575757576,0.9025974025974026,0.021645021645021644,0.08393285371702638,11.914285714285715
7,UPPER RESPIRATORY INFECTION,0.05102040816326531,0.9387755102040817,0.01020408163265306,0.05434782608695652,18.400000000000002
